From,To,Supplier,Departure,Arrival,
Koh Phangan (Thongsala Pier),Khao Sok National Park,Raja Ferry,05:00,13:00
Koh Phangan (Thongsala Pier),Nakhon Si Thamarat Airport (NST),Raja Ferry,05:00,09:30
Koh Phangan (Thongsala Pier),Hat Yai,Raja Ferry,05:00,15:00
Koh Samui (Lipa Noi Pier),Surat Thani Airport (URT),Raja Ferry,05:00,10:00
Koh Samui (Nathon Pier),Surat Thani (City),Seatran Ferry,05:00,08:30
Koh Phangan (Thongsala Pier),Nakhon Si Thamarat,Raja Ferry,05:00,10:00
Koh Samui (Lipa Noi Pier),Hat Yai,Raja Ferry,05:00,15:00
Donsak (Seatran Pier),Koh Samui (Nathon Pier),Seatran Ferry,05:00,06:30
Koh Samui (Lipa Noi Pier),Khanom,Raja Ferry,05:00,08:30
Koh Samui (Lipa Noi Pier),Krabi (Bus Terminal),Raja Ferry,05:00,15:00
Koh Phangan (Thongsala Pier),Krabi (Bus Terminal),Raja Ferry,05:00,15:00
Koh Samui (Lipa Noi Pier),Nakhon Si Thamarat Airport (NST),Raja Ferry,05:00,09:40
Koh Samui (Lipa Noi Pier),Surat Thani Train Station,Raja Ferry,05:00,09:45
Koh Samui (Lipa Noi Pier),Surat Thani (City),Raja Ferry,05:00,09:00
Koh Phangan (Thongsala Pier),Khanom,Raja Ferry,05:00,08:30
Koh Phangan (Thongsala Pier),Koh Phi Phi,Raja Ferry,05:00,17:00
Koh Samui (Nathon Pier),Donsak (Seatran Pier),Seatran Ferry,05:00,06:30
Donsak (Raja Ferry Pier),Koh Phangan (Thongsala Pier),Raja Ferry,05:00,07:30
Koh Samui (Lipa Noi Pier),Koh Lanta,Raja Ferry,05:00,16:00
Koh Phangan (Thongsala Pier),Surat Thani Train Station,Raja Ferry,05:00,09:45
Koh Phangan (Thongsala Pier),Krabi Ao Nang,Raja Ferry,05:00,14:00
Koh Phangan (Thongsala Pier),Surat Thani Airport (URT),Raja Ferry,05:00,10:00
Donsak (Raja Ferry Pier),Koh Samui (Lipa Noi Pier),Raja Ferry,05:00,06:30
Koh Samui (Lipa Noi Pier),Donsak (Raja Ferry Pier),Raja Ferry,05:00,06:30
Koh Phangan (Thongsala Pier),Koh Lanta,Raja Ferry,05:00,16:00
Koh Phangan (Thongsala Pier),Surat Thani (City),Raja Ferry,05:00,09:00
Koh Samui (Lipa Noi Pier),Krabi Ao Nang,Raja Ferry,05:00,14:00
Koh Phangan (Thongsala Pier),Donsak (Raja Ferry Pier),Raja Ferry,05:00,07:30
Koh Samui (Lipa Noi Pier),Nakhon Si Thamarat,Raja Ferry,05:00,10:00
Koh Samui (Lipa Noi Pier),Koh Phi Phi,Raja Ferry,05:00,17:00
Koh Phangan (Thongsala Pier),Surat Thani Airport (URT),Seatran Ferry,05:30,11:00
Donsak (Seatran Pier),Koh Phangan (Thongsala Pier),Seatran Ferry,05:30,08:00
Koh Phangan (Thongsala Pier),Surat Thani (City),Seatran Ferry,05:30,10:00
Koh Phangan (Thongsala Pier),Donsak (Seatran Pier),Seatran Ferry,05:30,08:00
Surat Thani Train Station,Koh Samui (Lipa Noi Pier),Raja Ferry,05:30,09:30
Surat Thani Train Station,Koh Phangan (Thongsala Pier),Raja Ferry,05:30,10:30
Koh Phangan (Thongsala Pier),Nakhon Si Thamarat Airport (NST),Seatran Ferry,05:30,10:30
Koh Phangan (Thongsala Pier),Surat Thani Train Station,Seatran Ferry,05:30,10:30
Koh Phangan (Thongsala Pier),Nakhon Si Thamarat,Seatran Ferry,05:30,11:00
Koh Samui (Nathon Pier),Nakhon Si Thamarat Airport (NST),Seatran Ferry,06:00,10:00
Koh Samui (Nathon Pier),Surat Thani Train Station,Seatran Ferry,06:00,10:00
Donsak (Raja Ferry Pier),Koh Samui (Lipa Noi Pier),Raja Ferry,06:00,07:30
Koh Samui (Lipa Noi Pier),Donsak (Raja Ferry Pier),Raja Ferry,06:00,07:30
Bangkok (Pinklao),Koh Tao (Mae Haad Pier),Lomprayah,06:00,15:15
Bangkok (Pinklao),Koh Samui (Maenam/Pralarn Pier),Lomprayah,06:00,17:30
Koh Samui (Lipa Noi Pier),Khao Sok National Park,Raja Ferry,06:00,13:00
Koh Samui (Nathon Pier),Surat Thani Airport (URT),Seatran Ferry,06:00,10:00
Bangkok (Pinklao),Koh Phangan (Thongsala Pier),Lomprayah,06:00,16:45
Koh Samui (Nathon Pier),Surat Thani (City),Seatran Ferry,06:00,09:00
Koh Samui (Nathon Pier),Donsak (Seatran Pier),Seatran Ferry,06:00,07:30
Donsak (Seatran Pier),Koh Samui (Nathon Pier),Seatran Ferry,06:00,07:30
Surat Thani (City),Koh Phangan (Thongsala Pier),Seatran Ferry,06:30,11:00
Surat Thani (City),Koh Phangan (Thongsala Pier),Raja Ferry,06:30,10:30
Surat Thani (City),Koh Samui (Lipa Noi Pier),Raja Ferry,06:30,09:30
Surat Thani (City),Koh Samui (Nathon Pier),Seatran Ferry,06:30,09:30
Koh Samui (Lipa Noi Pier),Surat Thani Airport (URT),Raja Ferry,07:00,11:30
Koh Samui (Nathon Pier),Surat Thani Train Station,Seatran Ferry,07:00,11:00
Koh Tao (Mae Haad Pier),Koh Lanta (Saladan Pier),Lomlahkkhirin,07:00,16:30
Chumphon (Thung Makham Noi Pier),Koh Tao (Mae Haad Pier),Lomprayah,07:00,08:45
Koh Samui (Nathon Pier),Surat Thani Airport (URT),Seatran Ferry,07:00,11:00
Koh Tao (Mae Haad Pier),Koh Samui (Maenam/Pralarn Pier),Lomlahkkhirin,07:00,08:30
Koh Tao (Mae Haad Pier),Koh Phi Phi,Lomlahkkhirin,07:00,15:30
Chumphon (Thung Makham Noi Pier),Koh Phangan (Thongsala Pier),Lomprayah,07:00,10:30
Chumphon (Thung Makham Noi Pier),Koh Samui (Maenam/Pralarn Pier),Lomprayah,07:00,11:30
Koh Samui (Nathon Pier),Donsak (Seatran Pier),Seatran Ferry,07:00,08:30
Koh Tao (Mae Haad Pier),Krabi Railay,Lomlahkkhirin,07:00,14:30
Koh Tao (Mae Haad Pier),Surat Thani Train Station,Lomlahkkhirin,07:00,10:45
Koh Tao (Mae Haad Pier),Krabi,Lomlahkkhirin,07:00,13:00
Koh Tao (Mae Haad Pier),Surat Thani Airport (URT),Lomlahkkhirin,07:00,11:00
Koh Samui (Lipa Noi Pier),Donsak (Raja Ferry Pier),Raja Ferry,07:00,08:30
Donsak (Seatran Pier),Koh Samui (Nathon Pier),Seatran Ferry,07:00,08:30
Donsak (Raja Ferry Pier),Koh Samui (Lipa Noi Pier),Raja Ferry,07:00,08:30
Surat Thani Train Station,Koh Samui (Lipa Noi Pier),Raja Ferry,07:00,11:30
Koh Tao (Mae Haad Pier),Koh Phangan (Thongsala Pier),Lomlahkkhirin,07:00,07:50
Koh Tao (Mae Haad Pier),Surat Thani (Tapee Pier),Lomlahkkhirin,07:00,10:00
Koh Samui (Nathon Pier),Surat Thani (City),Seatran Ferry,07:00,10:00
Koh Samui (Lipa Noi Pier),Surat Thani Train Station,Raja Ferry,07:00,11:15
Koh Samui (Lipa Noi Pier),Surat Thani,Raja Ferry,07:00,10:30
Phuket (Bus Terminal 2),Koh Phangan (Thongsala Pier),Raja Ferry,07:30,16:30
Phuket (Bus Terminal 2),Koh Samui (Lipa Noi Pier),Raja Ferry,07:30,15:30
Nakhon Si Thamarat Airport (NST),Koh Phangan (Thongsala Pier),Raja Ferry,07:30,13:30
Surat Thani (City),Koh Samui (Nathon Pier),Seatran Ferry,07:30,10:30
Koh Phangan (Haad Rin Pier),Koh Samui (Big Buddha Pier),Haadrin Queen,07:30,07:50
Surat Thani Airport (URT),Koh Samui (Nathon Pier),Seatran Ferry,07:30,11:30
Surat Thani Airport (URT),Koh Phangan (Thongsala Pier),Seatran Ferry,07:30,13:45
Nakhon Si Thamarat Airport (NST),Koh Samui (Nathon Pier),Seatran Ferry,07:30,11:30
Nakhon Si Thamarat Airport (NST),Koh Samui (Lipa Noi Pier),Raja Ferry,07:30,11:30
Koh Samui (Maenam/Pralarn Pier),Bangkok (Pinklao),Lomprayah,08:00,20:30
Koh Samui (Maenam/Pralarn Pier),Chumphon (Thung Makham Noi Pier),Lomprayah,08:00,11:45
Koh Phangan (Thongsala Pier),Koh Samui (Maenam/Pralarn Pier),Lomlahkkhirin,08:00,08:30
Koh Phangan (Thongsala Pier),Krabi,Lomlahkkhirin,08:00,13:00
Surat Thani (City),Koh Phangan (Thongsala Pier),Raja Ferry,08:00,13:30
Koh Phangan (Thongsala Pier),Koh Samui (Nathon Pier),Lomprayah,08:00,08:30
Koh Samui (Maenam/Pralarn Pier),Koh Tao (Mae Haad Pier),Lomprayah,08:00,09:30
Koh Phangan (Thongsala Pier),Koh Lanta (Saladan Pier),Lomlahkkhirin,08:00,16:30
Koh Samui (Maenam/Pralarn Pier),Koh Phangan (Thongsala Pier),Lomprayah,08:00,08:30
Koh Phangan (Thongsala Pier),Krabi Ao Nang,Raja Ferry,08:00,17:00
Koh Phangan (Thongsala Pier),Koh Phi Phi,Lomlahkkhirin,08:00,15:30
Surat Thani (City),Koh Samui (Lipa Noi Pier),Raja Ferry,08:00,11:30
Surat Thani Train Station,Koh Phangan (Thongsala Pier),Raja Ferry,08:00,13:30
Surat Thani Train Station,Koh Samui (Lipa Noi Pier),Raja Ferry,08:00,12:30
Koh Phangan (Thongsala Pier),Khanom,Raja Ferry,08:00,11:30
Koh Samui (Maenam/Pralarn Pier),Hua Hin,Lomprayah,08:00,18:00
Koh Phangan (Thongsala Pier),Surat Thani Airport (URT),Lomlahkkhirin,08:00,11:00
Krabi,Koh Samui (Nathon Pier),Lomprayah,08:00,11:45
Koh Phangan (Thongsala Pier),Surat Thani Train Station,Lomlahkkhirin,08:00,10:45
Koh Phangan (Thongsala Pier),Nakhon Si Thamarat,Raja Ferry,08:00,13:00
Krabi,Koh Tao (Mae Haad Pier),Lomprayah,08:00,14:15
Koh Phangan (Thongsala Pier),Koh Phi Phi,Lomprayah,08:00,17:00
Koh Phangan (Thongsala Pier),Koh Lanta (Saladan Pier),Lomprayah,08:00,16:00
Koh Phangan (Thongsala Pier),Surat Thani (Tapee Pier),Lomlahkkhirin,08:00,10:00
Krabi,Koh Phangan (Thongsala Pier),Lomprayah,08:00,12:45
Koh Phangan (Thongsala Pier),Krabi Railay,Lomlahkkhirin,08:00,14:30
Donsak (Raja Ferry Pier),Koh Samui (Lipa Noi Pier),Raja Ferry,08:00,09:30
Koh Samui (Lipa Noi Pier),Donsak (Raja Ferry Pier),Raja Ferry,08:00,09:30
Koh Phangan (Thongsala Pier),Khao Sok National Park,Raja Ferry,08:00,16:00
Koh Phangan (Thongsala Pier),Krabi (Bus Terminal),Raja Ferry,08:00,16:00
Koh Phangan (Thongsala Pier),Donsak (Raja Ferry Pier),Raja Ferry,08:00,10:30
Koh Phangan (Thongsala Pier),Surat Thani Airport (URT),Lomprayah,08:00,11:30
Koh Phangan (Thongsala Pier),Krabi Railay,Lomprayah,08:00,14:00
Koh Samui (Nathon Pier),Surat Thani Airport (URT),Seatran Ferry,08:00,12:00
Koh Phangan (Thongsala Pier),Krabi,Lomprayah,08:00,12:30
Koh Phangan (Thongsala Pier),Nakhon Si Thamarat Airport (NST),Lomprayah,08:00,12:00
Koh Samui (Maenam/Pralarn Pier),Chumphon Train Station,Lomprayah,08:00,12:30
Koh Phangan (Thongsala Pier),Surat Thani (Tapee Pier),Lomprayah,08:00,11:00
Koh Phangan (Thongsala Pier),Donsak (Lomprayah Pier),Lomprayah,08:00,09:30
Koh Samui (Nathon Pier),Surat Thani (City),Seatran Ferry,08:00,11:00
Koh Phangan (Thongsala Pier),Surat Thani Train Station,Lomprayah,08:00,11:15
Koh Phangan (Thongsala Pier),Phuket (Bus Terminal 2),Raja Ferry,08:00,17:00
Koh Phangan (Thongsala Pier),Surat Thani (City),Raja Ferry,08:00,12:00
Donsak (Raja Ferry Pier),Koh Phangan (Thongsala Pier),Raja Ferry,08:00,10:30
Koh Phangan (Thongsala Pier),Surat Thani Train Station,Raja Ferry,08:00,12:45
Koh Phangan (Thongsala Pier),Nakhon Si Thamarat Airport (NST),Raja Ferry,08:00,12:30
Donsak (Seatran Pier),Koh Samui (Nathon Pier),Seatran Ferry,08:00,09:30
Koh Phangan (Thongsala Pier),Surat Thani Airport (URT),Raja Ferry,08:00,13:00
Koh Phangan (Baan Tai Pier),Koh Samui  (Bangrak/ Petcherat Pier),ECHO TRAVEL,08:00,08:30
Koh Samui (Nathon Pier),Donsak (Seatran Pier),Seatran Ferry,08:00,09:30
Koh Samui (Nathon Pier),Nakhon Si Thamarat Airport (NST),Lomprayah,08:30,12:00
Koh Phangan (Thongsala Pier),Bangkok (Pinklao),Lomprayah,08:30,20:30
Koh Samui (Maenam/Pralarn Pier),Surat Thani Train Station,Lomlahkkhirin,08:30,10:45
Koh Samui (Maenam/Pralarn Pier),Surat Thani (Tapee Pier),Lomlahkkhirin,08:30,10:00
Koh Samui (Maenam/Pralarn Pier),Krabi Railay,Lomlahkkhirin,08:30,14:30
Koh Phangan (Thongsala Pier),Chumphon (Thung Makham Noi Pier),Lomprayah,08:30,11:45
Koh Phangan (Thongsala Pier),Hua Hin,Lomprayah,08:30,18:00
Koh Phangan (Thongsala Pier),Nakhon Si Thamarat,Seatran Ferry,08:30,13:30
Koh Phangan (Thongsala Pier),Surat Thani (City),Seatran Ferry,08:30,13:00
Koh Phangan (Thongsala Pier),Donsak (Seatran Pier),Seatran Ferry,08:30,11:00
Koh Phangan (Thongsala Pier),Surat Thani Airport (URT),Seatran Ferry,08:30,13:45
Surat Thani (City),Koh Samui (Nathon Pier),Seatran Ferry,08:30,11:30
Donsak (Seatran Pier),Koh Phangan (Thongsala Pier),Seatran Ferry,08:30,11:00
Koh Phangan (Thongsala Pier),Koh Tao (Mae Haad Pier),Lomprayah,08:30,09:30
Koh Phangan (Thongsala Pier),Nakhon Si Thamarat Airport (NST),Seatran Ferry,08:30,13:00
Koh Phangan (Thongsala Pier),Surat Thani Train Station,Seatran Ferry,08:30,13:30
Koh Samui (Maenam/Pralarn Pier),Koh Lanta (Saladan Pier),Lomlahkkhirin,08:30,16:30
Koh Samui (Nathon Pier),Surat Thani Airport (URT),Lomprayah,08:30,11:30
Koh Samui (Nathon Pier),Krabi Railay,Lomprayah,08:30,14:00
Koh Samui (Nathon Pier),Krabi,Lomprayah,08:30,12:30
Koh Samui (Nathon Pier),Surat Thani (Tapee Pier),Lomprayah,08:30,11:00
Koh Samui (Nathon Pier),Donsak (Lomprayah Pier),Lomprayah,08:30,09:30
Nakhon Si Thamarat Airport (NST),Koh Tao (Mae Haad Pier),Lomprayah,08:30,14:15
Koh Samui (Nathon Pier),Surat Thani Train Station,Lomprayah,08:30,11:15
Koh Samui (Big Buddha Pier),Koh Phangan (Haad Rin Pier),Haadrin Queen,08:30,08:50
Nakhon Si Thamarat Airport (NST),Koh Samui (Nathon Pier),Lomprayah,08:30,11:45
Nakhon Si Thamarat Airport (NST),Koh Phangan (Thongsala Pier),Lomprayah,08:30,12:45
Koh Samui (Nathon Pier),Koh Lanta (Saladan Pier),Lomprayah,08:30,16:00
Koh Phangan (Thongsala Pier),Chumphon Train Station,Lomprayah,08:30,12:30
Koh Samui (Maenam/Pralarn Pier),Surat Thani Airport (URT),Lomlahkkhirin,08:30,11:00
Koh Samui (Maenam/Pralarn Pier),Krabi,Lomlahkkhirin,08:30,13:00
Koh Samui (Maenam/Pralarn Pier),Koh Phi Phi,Lomlahkkhirin,08:30,15:30
Koh Samui (Nathon Pier),Koh Phi Phi,Lomprayah,08:30,17:00
Hua Hin,Koh Samui (Maenam/Pralarn Pier),Lomprayah,08:45,17:30
Hua Hin,Koh Tao (Mae Haad Pier),Lomprayah,08:45,15:15
Hua Hin,Koh Phangan (Thongsala Pier),Lomprayah,08:45,16:45
Koh Samui (Lipa Noi Pier),Koh Lanta,Raja Ferry,09:00,18:00
Koh Phi Phi,Koh Phangan (Thongsala Pier),Raja Ferry,09:00,20:30
Krabi Ao Nang,Koh Phangan (Thongsala Pier),Raja Ferry,09:00,16:30
Koh Samui (Nathon Pier),Donsak (Seatran Pier),Seatran Ferry,09:00,10:30
Surat Thani Airport (URT),Koh Samui (Nathon Pier),Seatran Ferry,09:00,13:30
Krabi Ao Nang,Koh Samui (Lipa Noi Pier),Raja Ferry,09:00,15:30
Koh Samui (Lipa Noi Pier),Krabi Ao Nang,Raja Ferry,09:00,17:00
Koh Phi Phi,Koh Samui (Lipa Noi Pier),Raja Ferry,09:00,19:30
Nakhon Si Thamarat Airport (NST),Koh Phangan (Thongsala Pier),Seatran Ferry,09:00,13:45
Koh Samui (Nathon Pier),Surat Thani (City),Seatran Ferry,09:00,12:00
Koh Samui (Lipa Noi Pier),Khanom,Raja Ferry,09:00,11:30
Koh Phi Phi,Koh Samui (Nathon Pier),Lomprayah,09:00,15:45
Koh Phi Phi,Koh Phangan (Thongsala Pier),Lomprayah,09:00,16:30
Koh Phi Phi,Koh Tao (Mae Haad Pier),Lomprayah,09:00,17:45
Koh Samui (Nathon Pier),Surat Thani Airport (URT),Seatran Ferry,09:00,13:00
Phuket,Koh Samui (Nathon Pier),Lomprayah,09:00,15:45
Phuket,Koh Phangan (Thongsala Pier),Lomprayah,09:00,16:30
Phuket,Koh Tao (Mae Haad Pier),Lomprayah,09:00,17:45
Surat Thani Airport (URT),Koh Phangan (Thongsala Pier),Seatran Ferry,09:00,13:45
Koh Samui (Nathon Pier),Surat Thani Train Station,Seatran Ferry,09:00,13:00
Donsak (Seatran Pier),Koh Samui (Nathon Pier),Seatran Ferry,09:00,10:30
Koh Samui (Lipa Noi Pier),Surat Thani Airport (URT),Raja Ferry,09:00,13:00
Surat Thani (City),Koh Samui (Lipa Noi Pier),Raja Ferry,09:00,12:30
Donsak (Raja Ferry Pier),Koh Samui (Lipa Noi Pier),Raja Ferry,09:00,10:30
Koh Samui (Lipa Noi Pier),Phuket (Bus Terminal 2),Raja Ferry,09:00,17:00
Khao Sok National Park,Koh Samui (Lipa Noi Pier),Raja Ferry,09:00,15:30
Koh Samui (Lipa Noi Pier),Nakhon Si Thamarat Airport (NST),Raja Ferry,09:00,12:40
Koh Samui (Lipa Noi Pier),Surat Thani Train Station,Raja Ferry,09:00,12:45
Koh Samui (Lipa Noi Pier),Nakhon Si Thamarat,Raja Ferry,09:00,13:00
Koh Samui (Lipa Noi Pier),Surat Thani,Raja Ferry,09:00,12:00
Surat Thani (City),Koh Phangan (Thongsala Pier),Raja Ferry,09:00,13:30
Koh Samui  (Bangrak/ Petcherat Pier),Koh Phangan (Baan Tai Pier),Petcherat Marina,09:00,09:30
Koh Samui (Lipa Noi Pier),Khao Sok National Park,Raja Ferry,09:00,16:00
Koh Samui (Lipa Noi Pier),Krabi (Bus Terminal),Raja Ferry,09:00,16:00
Nakhon Si Thamarat Airport (NST),Koh Phangan (Thongsala Pier),Raja Ferry,09:00,13:30
Nakhon Si Thamarat Airport (NST),Koh Samui (Nathon Pier),Seatran Ferry,09:00,13:30
Nakhon Si Thamarat Airport (NST),Koh Samui (Lipa Noi Pier),Raja Ferry,09:00,12:30
Koh Samui (Nathon Pier),Nakhon Si Thamarat Airport (NST),Seatran Ferry,09:00,13:00
Surat Thani Airport (URT),Koh Phangan (Thongsala Pier),Raja Ferry,09:00,13:30
Koh Samui (Lipa Noi Pier),Donsak (Raja Ferry Pier),Raja Ferry,09:00,10:30
Khao Sok National Park,Koh Phangan (Thongsala Pier),Raja Ferry,09:00,16:30
Surat Thani Airport (URT),Koh Samui (Lipa Noi Pier),Raja Ferry,09:00,12:30
Koh Samui (Bangrak/Lomlahk Pier),Koh Phangan (Thongsala Pier),Lomlahkkhirin,09:30,10:00
Koh Tao (Mae Haad Pier),Krabi,Lomprayah,09:30,15:30
Koh Tao (Mae Haad Pier),Surat Thani Airport (URT),Lomprayah,09:30,14:30
Koh Tao (Mae Haad Pier),Surat Thani Train Station,Lomprayah,09:30,14:15
Krabi,Koh Samui (Maenam/Pralarn Pier),Lomlahkkhirin,09:30,14:00
Krabi,Koh Phangan (Thongsala Pier),Lomlahkkhirin,09:30,14:50
Koh Tao (Mae Haad Pier),Koh Lanta (Saladan Pier),Lomprayah,09:30,18:00
Koh Tao (Mae Haad Pier),Krabi Railay,Lomprayah,09:30,18:00
Koh Tao (Mae Haad Pier),Koh Phangan (Thongsala Pier),Songserm,09:30,11:30
Surat Thani (City),Koh Phangan (Thongsala Pier),Seatran Ferry,09:30,14:00
Surat Thani (City),Koh Samui (Nathon Pier),Seatran Ferry,09:30,12:30
Koh Phangan (Haad Rin Pier),Koh Samui (Big Buddha Pier),Haadrin Queen,09:30,10:20
Koh Tao (Mae Haad Pier),Surat Thani (Tapee Pier),Lomprayah,09:30,14:00
Koh Tao (Mae Haad Pier),Nakhon Si Thamarat Airport (NST),Lomprayah,09:30,14:30
Krabi,Koh Tao (Mae Haad Pier),Lomlahkkhirin,09:30,16:00
Koh Tao (Mae Haad Pier),Phuket,Lomprayah,09:30,18:30
Koh Tao (Mae Haad Pier),Koh Samui (Nathon Pier),Songserm,09:30,13:00
Koh Tao (Mae Haad Pier),Donsak (Lomprayah Pier),Lomprayah,09:30,12:45
Koh Tao (Mae Haad Pier),Koh Phangan (Thongsala Pier),Lomprayah,09:30,10:30
Koh Samui  (Bangrak/ Petcherat Pier),Koh Phangan (Thongsala Pier),Songserm,09:30,09:50
Surat Thani Train Station,Koh Samui (Nathon Pier),Lomprayah,09:30,11:45
Surat Thani Train Station,Koh Phangan (Thongsala Pier),Lomprayah,09:30,12:45
Surat Thani Train Station,Koh Tao (Mae Haad Pier),Lomprayah,09:30,14:15
Surat Thani Airport (URT),Koh Samui (Nathon Pier),Lomprayah,09:30,11:45
Surat Thani Airport (URT),Koh Phangan (Thongsala Pier),Lomprayah,09:30,12:45
Surat Thani Airport (URT),Koh Tao (Mae Haad Pier),Lomprayah,09:30,14:15
Koh Samui (Bangrak Pier),Koh Phangan (Thongsala Pier),Seatran Discovery,09:30,10:15
Koh Tao (Mae Haad Pier),Koh Samui (Maenam/Pralarn Pier),Lomprayah,09:30,11:30
Donsak (Raja Ferry Pier),Koh Samui (Lipa Noi Pier),Raja Ferry,10:00,11:30
Surat Thani (Tapee Pier),Koh Samui (Nathon Pier),Lomprayah,10:00,11:45
Surat Thani (Tapee Pier),Koh Phangan (Thongsala Pier),Lomprayah,10:00,12:45
Surat Thani (Tapee Pier),Koh Tao (Mae Haad Pier),Lomprayah,10:00,14:15
Surat Thani Train Station,Koh Phangan (Thongsala Pier),Raja Ferry,10:00,16:30
Krabi (Sea Pearl Office),Koh Phangan (Thongsala Pier),Raja Ferry,10:00,16:30
Krabi (Sea Pearl Office),Koh Samui (Lipa Noi Pier),Raja Ferry,10:00,15:30
Krabi (Bus Terminal),Koh Phangan (Thongsala Pier),Raja Ferry,10:00,16:30
Krabi (Bus Terminal),Koh Samui (Lipa Noi Pier),Raja Ferry,10:00,15:30
Koh Samui (Lipa Noi Pier),Surat Thani,Raja Ferry,10:00,13:30
Khanom,Koh Phangan (Thongsala Pier),Raja Ferry,10:00,13:30
Koh Samui (Nathon Pier),Surat Thani Train Station,Seatran Ferry,10:00,14:00
Khanom,Koh Samui (Lipa Noi Pier),Raja Ferry,10:00,12:30
Koh Samui (Lipa Noi Pier),Surat Thani Airport (URT),Raja Ferry,10:00,14:00
Donsak (Seatran Pier),Koh Samui (Nathon Pier),Seatran Ferry,10:00,11:30
Koh Samui (Nathon Pier),Surat Thani Airport (URT),Seatran Ferry,10:00,14:00
Koh Samui (Nathon Pier),Donsak (Seatran Pier),Seatran Ferry,10:00,11:30
Surat Thani Train Station,Koh Samui (Lipa Noi Pier),Raja Ferry,10:00,14:30
Koh Samui (Nathon Pier),Surat Thani (City),Seatran Ferry,10:00,13:00
Koh Samui (Lipa Noi Pier),Surat Thani Train Station,Raja Ferry,10:00,13:45
Koh Samui (Lipa Noi Pier),Donsak (Raja Ferry Pier),Raja Ferry,10:00,11:30
Koh Tao (Mae Haad Pier),Hua Hin,Lomprayah,10:15,18:00
Koh Tao (Mae Haad Pier),Bangkok (Pinklao),Lomprayah,10:15,20:30
Koh Tao (Mae Haad Pier),Chumphon Train Station,Lomprayah,10:15,12:30
Koh Tao (Mae Haad Pier),Chumphon (Thung Makham Noi Pier),Lomprayah,10:15,11:45
Surat Thani (City),Koh Samui (Nathon Pier),Seatran Ferry,10:30,13:30
Koh Phangan (Thongsala Pier),Koh Samui (Bangrak/Lomlahk Pier),Lomlahkkhirin,10:30,11:00
Koh Phangan (Thongsala Pier),Koh Samui (Bangrak Pier),Seatran Discovery,10:30,11:15
Koh Samui (Big Buddha Pier),Koh Phangan (Haad Rin Pier),Haadrin Queen,10:30,11:20
Koh Samui (Nathon Pier),Koh Phangan (Thongsala Pier),Songserm,10:30,11:30
Surat Thani Airport (URT),Koh Samui (Nathon Pier),Seatran Ferry,10:30,14:30
Koh Samui (Nathon Pier),Koh Tao (Mae Haad Pier),Songserm,10:30,14:30
Surat Thani Airport (URT),Koh Phangan (Thongsala Pier),Seatran Ferry,10:30,16:45
Koh Phangan (Thongsala Pier),Koh Samui  (Bangrak/ Petcherat Pier),Songserm,10:30,10:50
Koh Phangan (Thongsala Pier),Surat Thani (City),Raja Ferry,11:00,15:00
Koh Tao (Mae Haad Pier),Surat Thani (Tapee Pier),Lomprayah,11:00,13:30
Koh Tao (Mae Haad Pier),Koh Lanta (Saladan Pier),Lomprayah,11:00,18:00
Koh Samui (Nathon Pier),Donsak (Seatran Pier),Seatran Ferry,11:00,12:30
Koh Phangan (Thongsala Pier),Nakhon Si Thamarat Airport (NST),Raja Ferry,11:00,15:30
Koh Samui (Lipa Noi Pier),Surat Thani Airport (URT),Raja Ferry,11:00,16:00
Koh Tao (Mae Haad Pier),Koh Phi Phi,Lomprayah,11:00,17:00
Koh Phangan (Thongsala Pier),Surat Thani Train Station,Raja Ferry,11:00,15:45
Koh Samui (Lipa Noi Pier),Surat Thani Train Station,Raja Ferry,11:00,15:45
Koh Tao (Mae Haad Pier),Krabi,Lomprayah,11:00,16:00
Koh Samui (Lipa Noi Pier),Surat Thani (City),Raja Ferry,11:00,15:00
Koh Phangan (Thongsala Pier),Koh Lanta (Saladan Pier),Lomprayah,11:00,18:00
Koh Phangan (Baan Tai Pier),Koh Samui  (Bangrak/ Petcherat Pier),ECHO TRAVEL,11:00,11:30
Koh Phangan (Thongsala Pier),Surat Thani Airport (URT),Raja Ferry,11:00,16:00
Donsak (Seatran Pier),Koh Samui (Nathon Pier),Seatran Ferry,11:00,12:30
Koh Samui (Nathon Pier),Surat Thani (City),Seatran Ferry,11:00,14:00
Koh Samui (Maenam/Pralarn Pier),Koh Tao (Mae Haad Pier),Lomprayah,11:00,13:30
Koh Tao (Mae Haad Pier),Surat Thani Airport (URT),Lomprayah,11:00,15:00
Koh Phangan (Thongsala Pier),Koh Samui (Maenam/Pralarn Pier),Lomprayah,11:00,11:30
Surat Thani Train Station,Koh Tao (Mae Haad Pier),Lomlahkkhirin,11:00,16:00
Koh Phangan (Thongsala Pier),Surat Thani Train Station,Lomprayah,11:00,14:15
Koh Phangan (Thongsala Pier),Surat Thani Airport (URT),Lomprayah,11:00,14:30
Koh Phangan (Thongsala Pier),Nakhon Si Thamarat Airport (NST),Lomprayah,11:00,14:30
Koh Phangan (Thongsala Pier),Krabi,Lomprayah,11:00,15:30
Koh Phangan (Thongsala Pier),Phuket,Lomprayah,11:00,18:30
Koh Phangan (Thongsala Pier),Koh Samui (Nathon Pier),Lomprayah,11:00,11:30
Donsak (Lomprayah Pier),Koh Samui (Nathon Pier),Lomprayah,11:00,11:45
Koh Samui (Lipa Noi Pier),Nakhon Si Thamarat,Raja Ferry,11:00,16:00
Donsak (Lomprayah Pier),Koh Tao (Mae Haad Pier),Lomprayah,11:00,14:15
Surat Thani Train Station,Koh Phangan (Thongsala Pier),Lomlahkkhirin,11:00,14:50
Surat Thani Airport (URT),Koh Tao (Mae Haad Pier),Lomlahkkhirin,11:00,16:00
Surat Thani Train Station,Koh Phangan (Thongsala Pier),Raja Ferry,11:00,16:30
Koh Phangan (Thongsala Pier),Khanom,Raja Ferry,11:00,14:30
Koh Tao (Mae Haad Pier),Krabi Railay,Lomprayah,11:00,18:00
Koh Samui (Lipa Noi Pier),Khanom,Raja Ferry,11:00,14:30
Koh Phangan (Thongsala Pier),Nakhon Si Thamarat,Raja Ferry,11:00,16:00
Surat Thani Airport (URT),Koh Samui (Maenam/Pralarn Pier),Lomlahkkhirin,11:00,14:00
Koh Samui (Nathon Pier),Nakhon Si Thamarat Airport (NST),Seatran Ferry,11:00,15:00
Surat Thani Train Station,Koh Samui (Maenam/Pralarn Pier),Lomlahkkhirin,11:00,14:00
Surat Thani Airport (URT),Koh Phangan (Thongsala Pier),Lomlahkkhirin,11:00,14:50
Surat Thani (City),Koh Samui (Lipa Noi Pier),Raja Ferry,11:00,14:30
Koh Phangan (Thongsala Pier),Donsak (Lomprayah Pier),Lomprayah,11:00,12:45
Koh Phangan (Thongsala Pier),Surat Thani (Tapee Pier),Lomprayah,11:00,14:00
Koh Samui (Nathon Pier),Surat Thani Train Station,Seatran Ferry,11:00,15:00
Krabi Ao Nang,Koh Samui (Lipa Noi Pier),Raja Ferry,11:00,17:30
Donsak (Raja Ferry Pier),Koh Phangan (Thongsala Pier),Raja Ferry,11:00,13:30
Koh Phangan (Thongsala Pier),Phuket (Bus Terminal 2),Raja Ferry,11:00,18:30
Krabi Ao Nang,Koh Phangan (Thongsala Pier),Raja Ferry,11:00,20:30
Koh Phangan (Thongsala Pier),Krabi (Bus Terminal),Raja Ferry,11:00,19:00
Koh Samui (Nathon Pier),Surat Thani Airport (URT),Seatran Ferry,11:00,15:00
Surat Thani Train Station,Koh Samui (Lipa Noi Pier),Raja Ferry,11:00,15:30
Koh Samui (Lipa Noi Pier),Donsak (Raja Ferry Pier),Raja Ferry,11:00,12:30
Koh Phangan (Thongsala Pier),Donsak (Raja Ferry Pier),Raja Ferry,11:00,13:30
Donsak (Lomprayah Pier),Koh Phangan (Thongsala Pier),Lomprayah,11:00,12:45
Koh Samui (Lipa Noi Pier),Krabi (Bus Terminal),Raja Ferry,11:00,19:00
Koh Phangan (Thongsala Pier),Krabi Railay,Lomprayah,11:00,18:00
Koh Samui (Lipa Noi Pier),Phuket (Bus Terminal 2),Raja Ferry,11:00,18:30
Surat Thani (City),Koh Phangan (Thongsala Pier),Raja Ferry,11:00,16:30
Koh Samui (Maenam/Pralarn Pier),Koh Phangan (Thongsala Pier),Lomprayah,11:00,11:30
Koh Phangan (Thongsala Pier),Krabi (Sea Pearl Office),Raja Ferry,11:00,18:00
Donsak (Raja Ferry Pier),Koh Samui (Lipa Noi Pier),Raja Ferry,11:00,12:30
Koh Phangan (Thongsala Pier),Khao Sok National Park,Raja Ferry,11:00,19:00
Surat Thani (City),Koh Samui (Nathon Pier),Seatran Ferry,11:30,14:30
Koh Samui  (Bangrak/ Petcherat Pier),Koh Phangan (Thongsala Pier),Songserm,11:30,11:50
Surat Thani Airport (URT),Koh Samui (Nathon Pier),Seatran Ferry,11:30,15:30
Surat Thani Airport (URT),Koh Phangan (Thongsala Pier),Seatran Ferry,11:30,16:45
Koh Samui (Bangrak/Lomlahk Pier),Koh Phangan (Thongsala Pier),Lomlahkkhirin,11:30,12:00
Krabi (Sea Pearl Office),Koh Phangan (Thongsala Pier),Raja Ferry,11:30,20:30
Krabi (Sea Pearl Office),Koh Samui (Lipa Noi Pier),Raja Ferry,11:30,16:30
Koh Samui  (Bangrak/ Petcherat Pier),Koh Tao (Mae Haad Pier),Songserm,11:30,14:15
Koh Phangan (Thongsala Pier),Surat Thani Airport (URT),Seatran Ferry,11:30,16:45
Donsak (Seatran Pier),Koh Phangan (Thongsala Pier),Seatran Ferry,11:30,14:00
Koh Phangan (Thongsala Pier),Donsak (Seatran Pier),Seatran Ferry,11:30,14:00
Krabi,Koh Samui (Nathon Pier),Lomprayah,11:30,15:45
Koh Phangan (Thongsala Pier),Nakhon Si Thamarat Airport (NST),Seatran Ferry,11:30,16:30
Surat Thani Airport (URT),Koh Phangan (Thongsala Pier),Raja Ferry,11:30,16:30
Koh Phangan (Thongsala Pier),Surat Thani Train Station,Seatran Ferry,11:30,16:30
Krabi,Koh Tao (Mae Haad Pier),Lomprayah,11:30,17:45
Krabi,Koh Phangan (Thongsala Pier),Lomprayah,11:30,16:30
Koh Samui (Bangrak/Lomlahk Pier),Koh Tao (Mae Haad Pier),Lomlahkkhirin,11:30,14:15
Koh Phangan (Thongsala Pier),Surat Thani (City),Seatran Ferry,11:30,16:00
Koh Phangan (Thongsala Pier),Nakhon Si Thamarat,Seatran Ferry,11:30,17:00
Koh Samui (Nathon Pier),Surat Thani (Tapee Pier),Lomprayah,11:45,14:00
Nakhon Si Thamarat Airport (NST),Koh Samui (Nathon Pier),Lomprayah,11:45,15:45
Koh Samui (Nathon Pier),Krabi,Lomprayah,11:45,15:30
Koh Samui (Nathon Pier),Krabi Railay,Lomprayah,11:45,18:00
Koh Samui (Nathon Pier),Phuket,Lomprayah,11:45,18:30
Koh Samui (Nathon Pier),Surat Thani Airport (URT),Lomprayah,11:45,14:30
Koh Samui (Nathon Pier),Surat Thani Train Station,Lomprayah,11:45,14:15
Koh Samui (Nathon Pier),Donsak (Lomprayah Pier),Lomprayah,11:45,12:45
Surat Thani Airport (URT),Koh Samui (Lipa Noi Pier),Raja Ferry,11:45,15:30
Nakhon Si Thamarat Airport (NST),Koh Phangan (Thongsala Pier),Lomprayah,11:45,16:30
Koh Samui (Nathon Pier),Koh Lanta (Saladan Pier),Lomprayah,11:45,18:00
Koh Samui (Nathon Pier),Nakhon Si Thamarat Airport (NST),Lomprayah,11:45,14:30
Nakhon Si Thamarat Airport (NST),Koh Tao (Mae Haad Pier),Lomprayah,11:45,17:45
Koh Samui (Nathon Pier),Surat Thani Train Station,Seatran Ferry,12:00,16:00
Koh Samui (Nathon Pier),Surat Thani Airport (URT),Seatran Ferry,12:00,16:00
Koh Samui (Lipa Noi Pier),Surat Thani Airport (URT),Raja Ferry,12:00,17:30
Nakhon Si Thamarat Airport (NST),Koh Phangan (Thongsala Pier),Raja Ferry,12:00,16:30
Koh Phangan (Thongsala Pier),Koh Tao (Mae Haad Pier),Lomprayah,12:00,13:30
Surat Thani (Tapee Pier),Koh Samui (Maenam/Pralarn Pier),Lomlahkkhirin,12:00,14:00
Surat Thani (City),Koh Phangan (Thongsala Pier),Raja Ferry,12:00,16:30
Surat Thani (City),Koh Samui (Lipa Noi Pier),Raja Ferry,12:00,15:30
Koh Phangan (Thongsala Pier),Koh Samui (Nathon Pier),Songserm,12:00,13:00
Koh Samui (Lipa Noi Pier),Nakhon Si Thamarat Airport (NST),Raja Ferry,12:00,15:40
Nakhon Si Thamarat Airport (NST),Koh Samui (Lipa Noi Pier),Raja Ferry,12:00,15:30
Koh Samui (Lipa Noi Pier),Krabi (Sea Pearl Office),Raja Ferry,12:00,18:00
Koh Samui (Lipa Noi Pier),Donsak (Raja Ferry Pier),Raja Ferry,12:00,13:30
Surat Thani (Tapee Pier),Koh Tao (Mae Haad Pier),Lomlahkkhirin,12:00,16:00
Koh Samui (Lipa Noi Pier),Khao Sok National Park,Raja Ferry,12:00,19:00
Nakhon Si Thamarat Airport (NST),Koh Samui (Nathon Pier),Seatran Ferry,12:00,16:30
Koh Samui (Nathon Pier),Nakhon Si Thamarat Airport (NST),Seatran Ferry,12:00,16:00
Surat Thani (Tapee Pier),Koh Phangan (Thongsala Pier),Lomlahkkhirin,12:00,14:50
Koh Samui (Nathon Pier),Surat Thani (City),Seatran Ferry,12:00,15:00
Koh Samui  (Bangrak/ Petcherat Pier),Koh Phangan (Baan Tai Pier),Petcherat Marina,12:00,12:30
Koh Samui (Lipa Noi Pier),Surat Thani Train Station,Raja Ferry,12:00,17:15
Koh Samui (Lipa Noi Pier),Surat Thani (City),Raja Ferry,12:00,16:30
Donsak (Seatran Pier),Koh Samui (Nathon Pier),Seatran Ferry,12:00,13:30
Nakhon Si Thamarat Airport (NST),Koh Phangan (Thongsala Pier),Seatran Ferry,12:00,16:45
Donsak (Raja Ferry Pier),Koh Samui (Lipa Noi Pier),Raja Ferry,12:00,13:30
Koh Samui (Nathon Pier),Donsak (Seatran Pier),Seatran Ferry,12:00,13:30
Koh Samui (Nathon Pier),Koh Phangan (Thongsala Pier),Lomprayah,12:15,12:45
Koh Samui (Nathon Pier),Koh Tao (Mae Haad Pier),Lomprayah,12:15,14:15
Koh Phangan (Thongsala Pier),Koh Samui (Bangrak/Lomlahk Pier),Lomlahkkhirin,12:30,13:00
Surat Thani Airport (URT),Koh Phangan (Thongsala Pier),Lomprayah,12:30,16:30
Surat Thani Airport (URT),Koh Tao (Mae Haad Pier),Lomprayah,12:30,17:45
Surat Thani (City),Koh Phangan (Thongsala Pier),Seatran Ferry,12:30,17:00
Koh Samui (Maenam/Pralarn Pier),Chumphon Train Station,Lomprayah,12:30,17:15
Surat Thani Airport (URT),Koh Samui (Nathon Pier),Lomprayah,12:30,15:45
Koh Samui (Maenam/Pralarn Pier),Bangkok (Pinklao),Lomprayah,12:30,00:45
Koh Phangan (Thongsala Pier),Koh Tao (Mae Haad Pier),Songserm,12:30,14:15
Koh Samui (Maenam/Pralarn Pier),Chumphon (Thung Makham Noi Pier),Lomprayah,12:30,16:30
Surat Thani (City),Koh Samui (Nathon Pier),Seatran Ferry,12:30,15:30
Koh Phangan (Haad Rin Pier),Koh Samui (Big Buddha Pier),Haadrin Queen,12:30,12:50
Koh Samui (Maenam/Pralarn Pier),Hua Hin,Lomprayah,12:30,21:45
Koh Samui (Maenam/Pralarn Pier),Koh Phangan (Thongsala Pier),Lomprayah,12:30,13:00
Koh Samui (Maenam/Pralarn Pier),Koh Tao (Mae Haad Pier),Lomprayah,12:30,14:15
Khanom,Koh Phangan (Thongsala Pier),Raja Ferry,13:00,16:30
Koh Phangan (Thongsala Pier),Chumphon (Thung Makham Noi Pier),Lomprayah,13:00,16:30
Koh Phangan (Thongsala Pier),Koh Tao (Mae Haad Pier),Lomprayah,13:00,14:15
Koh Phangan (Thongsala Pier),Bangkok (Pinklao),Lomprayah,13:00,00:45
Donsak (Raja Ferry Pier),Koh Samui (Lipa Noi Pier),Raja Ferry,13:00,14:30
Nakhon Si Thamarat Airport (NST),Koh Phangan (Thongsala Pier),Seatran Ferry,13:00,19:45
Donsak (Seatran Pier),Koh Samui (Nathon Pier),Seatran Ferry,13:00,14:30
Surat Thani Train Station,Koh Samui (Lipa Noi Pier),Raja Ferry,13:00,17:30
Koh Phangan (Thongsala Pier),Hua Hin,Lomprayah,13:00,21:45
Koh Samui (Nathon Pier),Donsak (Seatran Pier),Seatran Ferry,13:00,14:30
Nakhon Si Thamarat Airport (NST),Koh Samui (Lipa Noi Pier),Raja Ferry,13:00,16:30
Nakhon Si Thamarat Airport (NST),Koh Phangan (Thongsala Pier),Raja Ferry,13:00,20:30
Khao Sok National Park,Koh Phangan (Thongsala Pier),Raja Ferry,13:00,20:30
Koh Samui (Nathon Pier),Surat Thani Airport (URT),Seatran Ferry,13:00,17:00
Krabi,Koh Tao (Mae Haad Pier),Lomprayah,13:00,18:00
Koh Samui (Nathon Pier),Surat Thani (City),Seatran Ferry,13:00,16:00
Khanom,Koh Samui (Lipa Noi Pier),Raja Ferry,13:00,15:30
Koh Samui (Nathon Pier),Surat Thani Train Station,Seatran Ferry,13:00,17:00
Surat Thani (Tapee Pier),Koh Tao (Mae Haad Pier),Lomprayah,13:00,17:45
Koh Phangan (Thongsala Pier),Chumphon Train Station,Lomprayah,13:00,17:15
Khao Sok National Park,Koh Samui (Lipa Noi Pier),Raja Ferry,13:00,19:30
Koh Samui (Lipa Noi Pier),Krabi (Bus Terminal),Raja Ferry,13:00,19:00
Koh Samui (Lipa Noi Pier),Donsak (Raja Ferry Pier),Raja Ferry,13:00,14:30
Nakhon Si Thamarat Airport (NST),Koh Samui (Nathon Pier),Seatran Ferry,13:00,17:30
Surat Thani (Tapee Pier),Koh Samui (Nathon Pier),Lomprayah,13:00,15:45
Surat Thani (Tapee Pier),Koh Phangan (Thongsala Pier),Lomprayah,13:00,16:30
Chumphon (Thung Makham Noi Pier),Koh Tao (Mae Haad Pier),Lomprayah,13:30,15:15
Chumphon (Thung Makham Noi Pier),Koh Samui (Maenam/Pralarn Pier),Lomprayah,13:30,17:30
Chumphon (Thung Makham Noi Pier),Koh Phangan (Thongsala Pier),Lomprayah,13:30,16:45
Surat Thani (City),Koh Samui (Nathon Pier),Seatran Ferry,13:30,16:30
Koh Samui (Bangrak/Lomlahk Pier),Koh Phangan (Thongsala Pier),Lomlahkkhirin,13:30,14:00
Surat Thani Airport (URT),Koh Samui (Lipa Noi Pier),Raja Ferry,13:45,17:30
Surat Thani Airport (URT),Koh Phangan (Thongsala Pier),Raja Ferry,13:45,20:30
Donsak (Raja Ferry Pier),Koh Phangan (Thongsala Pier),Raja Ferry,14:00,16:30
Koh Phangan (Thongsala Pier),Surat Thani (City),Raja Ferry,14:00,18:00
Koh Phangan (Thongsala Pier),Donsak (Raja Ferry Pier),Raja Ferry,14:00,16:30
Koh Samui (Lipa Noi Pier),Surat Thani Train Station,Raja Ferry,14:00,18:45
Koh Samui (Lipa Noi Pier),Surat Thani Airport (URT),Raja Ferry,14:00,19:00
Surat Thani Airport (URT),Koh Tao (Mae Haad Pier),Lomprayah,14:00,18:00
Surat Thani Airport (URT),Koh Phangan (Thongsala Pier),Seatran Ferry,14:00,19:45
Koh Phangan (Thongsala Pier),Surat Thani Train Station,Raja Ferry,14:00,18:45
Koh Phangan (Thongsala Pier),Koh Samui  (Bangrak/ Petcherat Pier),Songserm,14:00,14:20
Koh Samui (Lipa Noi Pier),Donsak (Raja Ferry Pier),Raja Ferry,14:00,15:30
Surat Thani (City),Koh Samui (Lipa Noi Pier),Raja Ferry,14:00,17:30
Donsak (Raja Ferry Pier),Koh Samui (Lipa Noi Pier),Raja Ferry,14:00,15:30
Koh Samui (Lipa Noi Pier),Surat Thani (City),Raja Ferry,14:00,18:00
Koh Phangan (Thongsala Pier),Koh Samui (Bangrak/Lomlahk Pier),Lomlahkkhirin,14:00,14:30
Koh Samui  (Bangrak/ Petcherat Pier),Koh Phangan (Thongsala Pier),Songserm,14:00,14:20
Nakhon Si Thamarat Airport (NST),Koh Phangan (Thongsala Pier),Seatran Ferry,14:00,19:45
Koh Samui (Lipa Noi Pier),Nakhon Si Thamarat,Raja Ferry,14:00,18:00
Donsak (Seatran Pier),Koh Samui (Nathon Pier),Seatran Ferry,14:00,15:30
Koh Samui (Nathon Pier),Surat Thani Train Station,Seatran Ferry,14:00,18:00
Koh Samui (Nathon Pier),Surat Thani Airport (URT),Seatran Ferry,14:00,18:00
Khanom,Koh Samui,Raja Ferry,14:00,16:30
Koh Samui (Nathon Pier),Surat Thani (City),Seatran Ferry,14:00,17:00
Surat Thani Airport (URT),Koh Samui (Nathon Pier),Seatran Ferry,14:00,18:30
Koh Samui (Nathon Pier),Donsak (Seatran Pier),Seatran Ferry,14:00,15:30
Koh Samui (Nathon Pier),Nakhon Si Thamarat Airport (NST),Seatran Ferry,14:00,18:00
Khanom,Koh Phangan (Thongsala Pier),Raja Ferry,14:00,20:30
Koh Samui (Lipa Noi Pier),Nakhon Si Thamarat Airport (NST),Raja Ferry,14:00,17:40
Surat Thani (City),Koh Phangan (Thongsala Pier),Raja Ferry,14:00,20:30
Koh Samui (Lipa Noi Pier),Khanom,Raja Ferry,14:00,16:30
Donsak (Seatran Pier),Koh Phangan (Thongsala Pier),Seatran Ferry,14:30,17:00
Surat Thani (City),Koh Samui (Nathon Pier),Seatran Ferry,14:30,17:30
Nakhon Si Thamarat Airport (NST),Koh Samui (Nathon Pier),Seatran Ferry,14:30,18:30
Koh Phangan (Thongsala Pier),Nakhon Si Thamarat,Seatran Ferry,14:30,19:30
Nakhon Si Thamarat Airport (NST),Koh Phangan (Thongsala Pier),Raja Ferry,14:30,20:30
Koh Samui (Bangrak/Lomlahk Pier),Koh Phangan (Thongsala Pier),Lomlahkkhirin,14:30,15:00
Koh Samui (Bangrak Pier),Koh Phangan (Thongsala Pier),Seatran Discovery,14:30,15:15
Koh Phangan (Thongsala Pier),Surat Thani (City),Seatran Ferry,14:30,19:00
Koh Samui (Maenam/Pralarn Pier),Koh Phangan (Thongsala Pier),Lomlahkkhirin,14:30,14:50
Nakhon Si Thamarat Airport (NST),Koh Samui (Lipa Noi Pier),Raja Ferry,14:30,18:30
Koh Phangan (Thongsala Pier),Donsak (Seatran Pier),Seatran Ferry,14:30,17:00
Koh Samui (Maenam/Pralarn Pier),Koh Tao (Mae Haad Pier),Lomlahkkhirin,14:30,16:00
Koh Samui (Bangrak/Lomlahk Pier),Koh Tao (Mae Haad Pier),Lomlahkkhirin,14:30,17:45
Koh Tao (Mae Haad Pier),Chumphon Train Station,Lomprayah,14:45,17:15
Koh Tao (Mae Haad Pier),Hua Hin,Lomprayah,14:45,21:45
Koh Tao (Mae Haad Pier),Chumphon (Thung Makham Noi Pier),Lomprayah,14:45,16:30
Koh Tao (Mae Haad Pier),Bangkok (Pinklao),Lomprayah,14:45,00:45
Surat Thani Train Station,Koh Phangan (Thongsala Pier),Raja Ferry,15:00,20:30
Surat Thani Train Station,Koh Samui (Lipa Noi Pier),Raja Ferry,15:00,19:30
Koh Samui (Big Buddha Pier),Koh Phangan (Haad Rin Pier),Haadrin Queen,15:00,15:20
Koh Samui (Lipa Noi Pier),Donsak (Raja Ferry Pier),Raja Ferry,15:00,16:30
Koh Samui (Nathon Pier),Donsak (Seatran Pier),Seatran Ferry,15:00,16:30
Donsak (Raja Ferry Pier),Koh Samui (Lipa Noi Pier),Raja Ferry,15:00,16:30
Koh Samui (Nathon Pier),Surat Thani (City),Seatran Ferry,15:00,18:00
Donsak (Seatran Pier),Koh Samui (Nathon Pier),Seatran Ferry,15:00,16:30
Koh Phangan (Thongsala Pier),Koh Tao (Mae Haad Pier),Lomlahkkhirin,15:00,16:00
Donsak (Lomprayah Pier),Koh Tao (Mae Haad Pier),Lomprayah,15:00,17:45
Donsak (Lomprayah Pier),Koh Phangan (Thongsala Pier),Lomprayah,15:00,16:30
Donsak (Lomprayah Pier),Koh Samui (Nathon Pier),Lomprayah,15:00,15:45
Koh Phangan (Thongsala Pier),Koh Samui (Bangrak/Lomlahk Pier),Lomlahkkhirin,15:00,15:30
Koh Phangan (Baan Tai Pier),Koh Samui  (Bangrak/ Petcherat Pier),ECHO TRAVEL,15:00,15:30
Koh Phangan (Thongsala Pier),Koh Samui  (Bangrak/ Petcherat Pier),Songserm,15:00,15:20
Surat Thani Airport (URT),Koh Phangan (Thongsala Pier),Raja Ferry,15:15,20:30
Surat Thani Airport (URT),Koh Samui (Lipa Noi Pier),Raja Ferry,15:15,19:30
Koh Tao (Mae Haad Pier),Koh Phangan (Thongsala Pier),Lomprayah,15:30,16:45
Surat Thani (Tapee Pier),Koh Tao (Mae Haad Pier),Lomprayah,15:30,18:00
Koh Samui (Bangrak/Lomlahk Pier),Koh Tao (Mae Haad Pier),Lomlahkkhirin,15:30,17:00
Surat Thani Airport (URT),Koh Samui (Nathon Pier),Seatran Ferry,15:30,19:30
Khanom,Koh Samui (Lipa Noi Pier),Raja Ferry,15:30,17:30
Koh Tao (Mae Haad Pier),Koh Samui (Maenam/Pralarn Pier),Lomprayah,15:30,17:30
Khanom,Koh Phangan (Thongsala Pier),Raja Ferry,15:30,20:30
Surat Thani (City),Koh Samui (Nathon Pier),Seatran Ferry,15:30,18:30
Surat Thani Airport (URT),Koh Phangan (Thongsala Pier),Seatran Ferry,15:30,19:45
Surat Thani Airport (URT),Koh Samui (Lipa Noi Pier),Raja Ferry,16:00,19:30
Surat Thani (City),Koh Phangan (Thongsala Pier),Seatran Ferry,16:00,20:00
Donsak (Raja Ferry Pier),Koh Samui (Lipa Noi Pier),Raja Ferry,16:00,17:30
Koh Samui  (Bangrak/ Petcherat Pier),Koh Phangan (Baan Tai Pier),Petcherat Marina,16:00,16:30
Koh Phangan (Haad Rin Pier),Koh Samui (Big Buddha Pier),Haadrin Queen,16:00,16:50
Surat Thani Train Station,Koh Samui (Lipa Noi Pier),Raja Ferry,16:00,20:30
Koh Samui (Nathon Pier),Donsak (Seatran Pier),Seatran Ferry,16:00,17:30
Koh Samui (Nathon Pier),Koh Tao (Mae Haad Pier),Lomprayah,16:00,17:45
Koh Phangan (Thongsala Pier),Koh Samui (Bangrak/Lomlahk Pier),Lomlahkkhirin,16:00,16:30
Koh Phangan (Thongsala Pier),Koh Samui (Bangrak Pier),Seatran Discovery,16:00,16:45
Surat Thani (City),Koh Phangan (Thongsala Pier),Raja Ferry,16:00,20:30
Surat Thani Airport (URT),Koh Phangan (Thongsala Pier),Raja Ferry,16:00,20:30
Koh Samui (Nathon Pier),Koh Phangan (Thongsala Pier),Lomprayah,16:00,16:30
Surat Thani Airport (URT),Koh Samui (Nathon Pier),Seatran Ferry,16:00,19:30
Koh Samui (Nathon Pier),Surat Thani (City),Seatran Ferry,16:00,19:00
Koh Samui (Lipa Noi Pier),Donsak (Raja Ferry Pier),Raja Ferry,16:00,17:30
Surat Thani (City),Koh Samui (Lipa Noi Pier),Raja Ferry,16:00,19:30
Donsak (Seatran Pier),Koh Samui (Nathon Pier),Seatran Ferry,16:00,17:30
Koh Samui  (Bangrak/ Petcherat Pier),Koh Phangan (Thongsala Pier),Songserm,16:30,16:50
Koh Tao (Mae Haad Pier),Koh Samui (Maenam/Pralarn Pier),Lomprayah,16:30,19:00
Surat Thani (City),Koh Samui (Nathon Pier),Seatran Ferry,16:30,19:30
Koh Tao (Mae Haad Pier),Koh Phangan (Thongsala Pier),Lomprayah,16:30,18:10
Koh Phangan (Thongsala Pier),Koh Tao (Mae Haad Pier),Lomprayah,16:45,17:45
Donsak (Seatran Pier),Koh Samui (Nathon Pier),Seatran Ferry,17:00,18:30
Surat Thani (City),Koh Samui (Lipa Noi Pier),Raja Ferry,17:00,20:30
Koh Samui (Bangrak/Lomlahk Pier),Koh Phangan (Thongsala Pier),Lomlahkkhirin,17:00,17:30
Koh Samui (Nathon Pier),Donsak (Seatran Pier),Seatran Ferry,17:00,18:30
Koh Samui (Lipa Noi Pier),Surat Thani Train Station,Raja Ferry,17:00,21:45
Koh Samui (Big Buddha Pier),Koh Phangan (Haad Rin Pier),Haadrin Queen,17:00,17:50
Koh Phangan (Thongsala Pier),Koh Samui (Maenam/Pralarn Pier),Lomprayah,17:00,17:30
Koh Samui (Lipa Noi Pier),Donsak (Raja Ferry Pier),Raja Ferry,17:00,18:30
Donsak (Raja Ferry Pier),Koh Samui (Lipa Noi Pier),Raja Ferry,17:00,18:30
Koh Samui (Lipa Noi Pier),Surat Thani (City),Raja Ferry,17:00,21:00
Koh Samui (Nathon Pier),Surat Thani (City),Seatran Ferry,17:00,20:00
Koh Phangan (Thongsala Pier),Donsak (Raja Ferry Pier),Raja Ferry,17:30,20:00
Koh Phangan (Thongsala Pier),Donsak (Seatran Pier),Seatran Ferry,17:30,20:00
Koh Phangan (Baan Tai Pier),Koh Samui  (Bangrak/ Petcherat Pier),ECHO TRAVEL,17:30,18:00
Koh Phangan (Thongsala Pier),Surat Thani Train Station,Raja Ferry,17:30,21:45
Koh Phangan (Thongsala Pier),Koh Samui (Bangrak/Lomlahk Pier),Lomlahkkhirin,17:30,18:00
Koh Phangan (Thongsala Pier),Koh Samui  (Bangrak/ Petcherat Pier),Songserm,17:30,17:50
Koh Phangan (Thongsala Pier),Surat Thani (City),Seatran Ferry,17:30,21:30
Donsak (Seatran Pier),Koh Phangan (Thongsala Pier),Seatran Ferry,17:30,20:00
Koh Phangan (Thongsala Pier),Surat Thani (City),Raja Ferry,17:30,21:00
Surat Thani (City),Koh Samui (Nathon Pier),Seatran Ferry,17:30,20:30
Donsak (Seatran Pier),Koh Samui (Nathon Pier),Seatran Ferry,18:00,19:30
Koh Samui (Nathon Pier),Surat Thani (City),Seatran Ferry,18:00,21:30
Donsak (Raja Ferry Pier),Koh Samui (Lipa Noi Pier),Raja Ferry,18:00,19:30
Koh Samui (Lipa Noi Pier),Donsak (Raja Ferry Pier),Raja Ferry,18:00,19:30
Koh Samui (Nathon Pier),Donsak (Seatran Pier),Seatran Ferry,18:00,19:30
Donsak (Raja Ferry Pier),Koh Phangan (Thongsala Pier),Raja Ferry,18:00,20:30
Koh Samui  (Bangrak/ Petcherat Pier),Koh Phangan (Baan Tai Pier),Petcherat Marina,18:30,19:00
Koh Phangan (Thongsala Pier),Koh Samui (Maenam/Pralarn Pier),Lomprayah,18:30,19:00
Donsak (Seatran Pier),Koh Samui (Nathon Pier),Seatran Ferry,19:00,20:30
Donsak (Raja Ferry Pier),Koh Samui (Lipa Noi Pier),Raja Ferry,19:00,20:30
Koh Samui (Lipa Noi Pier),Donsak (Raja Ferry Pier),Raja Ferry,19:00,20:30
Koh Samui (Nathon Pier),Donsak (Seatran Pier),Seatran Ferry,19:00,20:30
Koh Phangan (Baan Tai Pier),Koh Samui  (Bangrak/ Petcherat Pier),ECHO TRAVEL,19:30,20:00
Koh Samui  (Bangrak/ Petcherat Pier),Koh Phangan (Baan Tai Pier),Petcherat Marina,20:30,21:00
Bangkok (Pinklao),Koh Phangan (Thongsala Pier),Lomprayah,21:00,10:30
Bangkok (Pinklao),Koh Tao (Mae Haad Pier),Lomprayah,21:00,08:45
Bangkok (Pinklao),Koh Samui (Maenam/Pralarn Pier),Lomprayah,21:00,11:30
Koh Phangan (Thongsala Pier),Surat Thani (Bandon Pier),Nightboat,22:00,05:30
Surat Thani (Bandon Pier),Koh Phangan (Thongsala Pier),Nightboat,23:00,06:30
